{
  "$schema": "https://schema.management.azure.com/schemas/0.1.2-preview/CreateUIDefinition.MultiVm.json#",
  "handler": "Microsoft.Azure.CreateUIDef",
  "version": "0.1.2-preview",
  "parameters": {
    "basics": [
      {}
    ],
    "steps": [
      {
        "name": "applicationSettings",
        "label": "Application Settings",
        "subLabel": {
          "preValidation": "Configure your application settings",
          "postValidation": "Done"
        },
        "bladeTitle": "Application Settings",
        "elements": [
          {
            "name": "funcNamePrefix",
            "type": "Microsoft.Common.TextBox",
            "defaultValue": "function",
            "label": "Prefix of the function to be created",
            "toolTip": "Prefix of the function to be created",
            "visible": true,
            "constraints": {
              "required": true
            }
          },
          {
            "name": "storageNamePrefix",
            "type": "Microsoft.Common.TextBox",
            "defaultValue": "storage",
            "label": "Prefix of the storage to be created",
            "toolTip": "Prefix of the storage to be created",
            "visible": true,
            "constraints": {
              "required": true,
              "regex": "^[a-z0-9]{2,11}$",
              "validationMessage": "The value must be 2-11 characters long and must only contain lower-case letters and numbers."
            }
          }
        ]
      }
    ],
    "outputs": {
      "funcNamePrefix": "[steps('applicationSettings').funcNamePrefix]",
      "storageNamePrefix": "[steps('applicationSettings').storageNamePrefix]"
    }
  }
}
