{
  "$schema": "https://schema.management.azure.com/schemas/2019-04-01/deploymentTemplate.json#",
  "contentVersion": "1.0.0.0",
  "parameters": {
    "funcNamePrefix": {
      "type": "string",
      "defaultValue": "function",
      "metadata": {
        "description": "The prefix of the Azure Function app."
      }
    },
    "storageNamePrefix": {
      "type": "string",
      "defaultValue": "storage",
      "metadata": {
        "description": "The prefix of the Azure Storage account."
      }
    },  
    "storageAccountType": {
      "type": "string",
      "defaultValue": "Standard_LRS",
      "allowedValues": [
        "Standard_LRS",
        "Standard_GRS",
        "Standard_RAGRS"
      ],
      "metadata": {
        "description": "Storage Account type"
      }
    },
    "location": {
      "type": "string",
      "defaultValue": "[resourceGroup().location]",
      "metadata": {
        "description": "Location for all resources."
      }
    },
    "appInsightsLocation": {
      "type": "string",
      "defaultValue": "[resourceGroup().location]",
      "metadata": {
        "description": "Location for Application Insights"
      }
    },
    "functionWorkerRuntime": {
      "type": "string",
      "defaultValue": "java",
      "allowedValues": [
        "dotnet",
        "node",
        "python",
        "java"
      ],
      "metadata": {
        "description": "The language worker runtime to load in the function app."
      }
    },
    "linuxFxVersion": {
      "type": "string",
      "defaultValue": "java|11",
      "metadata": {
        "description": "Required for Linux app to represent runtime stack in the format of 'runtime|runtimeVersion'. For example: 'python|3.9'"
      }
    },
    "packageUri": {
      "type": "string",
      "defaultValue": "https://majguo.github.io/quarkus-apps-poc/extensions-0.0.1.zip",
      "metadata": {
        "description": "The zip content url."
      }
    }
  },
  "variables": {
    "functionAppName": "[format('{0}-{1}', parameters('funcNamePrefix'), uniqueString(resourceGroup().id))]",
    "storageAccountName": "[format('{0}-{1}', parameters('storageNamePrefix'), uniqueString(resourceGroup().id))]",
    "customProviderName": "quarkusapps"
  },
  "resources": [
    {
      "type": "Microsoft.Storage/storageAccounts",
      "apiVersion": "2021-02-01",
      "name": "[variables('storageAccountName')]",
      "location": "[parameters('location')]",
      "sku": {
        "name": "[parameters('storageAccountType')]"
      },
      "kind": "StorageV2"
    },
    {
      "type": "Microsoft.Web/serverfarms",
      "apiVersion": "2021-02-01",
      "name": "[variables('functionAppName')]",
      "location": "[parameters('location')]",
      "sku": {
        "name": "Y1",
        "tier": "Dynamic",
        "size": "Y1",
        "family": "Y"
      },
      "properties": {
        "computeMode": "Dynamic",
        "reserved": true
      }
    },
    {
      "type": "Microsoft.Insights/components",
      "apiVersion": "2020-02-02",
      "name": "[variables('functionAppName')]",
      "location": "[parameters('appInsightsLocation')]",
      "tags": {
        "[concat('hidden-link:', resourceId('Microsoft.Web/sites', variables('functionAppName')))]": "Resource"
      },
      "properties": {
        "Application_Type": "web"
      },
      "kind": "web"
    },
    {
      "type": "Microsoft.Web/sites",
      "apiVersion": "2021-02-01",
      "name": "[variables('functionAppName')]",
      "location": "[parameters('location')]",
      "kind": "functionapp,linux",
      "dependsOn": [
        "[resourceId('Microsoft.Web/serverfarms', variables('functionAppName'))]",
        "[resourceId('Microsoft.Storage/storageAccounts', variables('storageAccountName'))]",
        "[resourceId('Microsoft.Insights/components', variables('functionAppName'))]"
      ],
      "properties": {
        "reserved": true,
        "serverFarmId": "[resourceId('Microsoft.Web/serverfarms', variables('functionAppName'))]",
        "siteConfig": {
          "linuxFxVersion": "[parameters('linuxFxVersion')]",
          "appSettings": [
            {
              "name": "APPINSIGHTS_INSTRUMENTATIONKEY",
              "value": "[reference(resourceId('Microsoft.Insights/components', variables('functionAppName')), '2015-05-01').InstrumentationKey]"
            },
            {
              "name": "AzureWebJobsStorage",
              "value": "[concat('DefaultEndpointsProtocol=https;AccountName=', variables('storageAccountName'), ';EndpointSuffix=', environment().suffixes.storage, ';AccountKey=',listKeys(resourceId('Microsoft.Storage/storageAccounts', variables('storageAccountName')), '2019-06-01').keys[0].value)]"
            },
            {
              "name": "FUNCTIONS_EXTENSION_VERSION",
              "value": "~4"
            },
            {
              "name": "FUNCTIONS_WORKER_RUNTIME",
              "value": "[parameters('functionWorkerRuntime')]"
            },
            {
              "name": "WEBSITE_RUN_FROM_PACKAGE",
              "value": "[parameters('packageUri')]"
            }
          ]
        }
      }
    },
    {
      "type": "Microsoft.CustomProviders/resourceProviders",
      "apiVersion": "2018-09-01-preview",
      "name": "[variables('customProviderName')]",
      "location": "[parameters('location')]",
      "properties": {
        "actions": [
          {
            "name": "helloaction",
            "routingType": "Proxy",
            "endpoint": "[concat('https://', variables('functionAppName'), '.azurewebsites.net/api/hello/action?code=', listkeys(resourceId('Microsoft.Web/sites/host', variables('functionAppName'), 'default'), '2021-02-01').functionKeys.default)]"
          },
          {
            "name": "users/action",
            "routingType": "Proxy",
            "endpoint": "[concat('https://', variables('functionAppName'), '.azurewebsites.net/api/{requestPath}?code=', listkeys(resourceId('Microsoft.Web/sites/host', variables('functionAppName'), 'default'), '2021-02-01').functionKeys.default)]"
          }
        ],
        "resourceTypes": [
          {
            "name": "users",
            "routingType": "Proxy,Cache",
            "endpoint": "[concat('https://', variables('functionAppName'), '.azurewebsites.net/api/{requestPath}?code=', listkeys(resourceId('Microsoft.Web/sites/host', variables('functionAppName'), 'default'), '2021-02-01').functionKeys.default)]"
          }
        ]
      },
      "dependsOn": [
        "[resourceId('Microsoft.Web/sites', variables('functionAppName'))]"
      ]
    },
    {
      "type": "Microsoft.CustomProviders/resourceProviders/users",
      "apiVersion": "2018-09-01-preview",
      "name": "[concat(variables('customProviderName'), '/santa')]",
      "location": "parameters('location')",
      "dependsOn": [
        "[concat('Microsoft.CustomProviders/resourceProviders/', variables('customProviderName'))]"
      ],
      "properties": {
        "username": "Santa Claus",
        "location": "NorthPole"
      }
    }
  ]
}
