{
  "scriptFile" : "../hello-1.0-SNAPSHOT.jar",
  "entryPoint" : "com.example.UserHandler.createGetDeleteUser",
  "bindings" : [ {
    "type" : "httpTrigger",
    "direction" : "in",
    "name" : "request",
    "route" : "subscriptions/{subscriptionId}/resourcegroups/{resourceGroupName}/providers/Microsoft.CustomProviders/resourceproviders/{minirpname}/users/{username}",
    "methods" : [ "PUT", "GET", "DELETE" ],
    "authLevel" : "FUNCTION"
  }, {
    "type" : "http",
    "direction" : "out",
    "name" : "$return"
  } ]
}