{
    "$schema": "https://schema.management.azure.com/schemas/viewdefinition/0.0.1-preview/ViewDefinition.json#",
    "contentVersion": "0.0.0.1",
    "views": [
        {
            "kind": "Overview",
            "properties": {
                "header": "Welcome to your Azure Managed Application",
                "description": "This managed application is for demo purposes only.",
                "commands": [
                    {
                        "displayName": "Test Action",
                        "path": "customping"
                    }
                ]
            }
        },
        {
            "kind": "CustomResources",
            "properties": {
                "displayName": "Users",
                "version": "1.0.0",
                "resourceType": "testCustomResource",
                "createUIDefinition": {},
                "commands": [
                    {
                        "displayName": "Custom Context Action",
                        "path": "customusers/contextAction",
                        "icon": "Stop",
                        "createUIDefinition": {}
                    }
                ],
                "columns": [
                    {
                        "key": "properties.FullName",
                        "displayName": "Full Name"
                    },
                    {
                        "key": "properties.Location",
                        "displayName": "Location"
                    }
                ]
            }
        }
    ]
}